insert into tbl_cuisine (id, cuisine_name) values (1, 'Fusion');
insert into tbl_cuisine (id, cuisine_name) values (2, 'Haule');
insert into tbl_cuisine (id, cuisine_name) values (3, 'Nouvelle');
insert into tbl_cuisine (id, cuisine_name) values (4, 'Vegan');
insert into tbl_cuisine (id, cuisine_name) values (5, 'Vegetarian');


insert into tbl_restaurant (name_restaurant, delivery_fee, cuisine_id) values ('Mirazur', 15.60, 1);
insert into tbl_restaurant (name_restaurant, delivery_fee, cuisine_id) values ('Noma', 15.10, 1);
insert into tbl_restaurant (name_restaurant, delivery_fee, cuisine_id) values ('Asador Etxebarri', 12.20, 2);
insert into tbl_restaurant (name_restaurant, delivery_fee, cuisine_id) values ('Gaggan', 15, 2);
insert into tbl_restaurant (name_restaurant, delivery_fee, cuisine_id) values ('Garanium', 15.67, 3);
insert into tbl_restaurant (name_restaurant, delivery_fee, cuisine_id) values ('Central', 17.90, 1);
insert into tbl_restaurant (name_restaurant, delivery_fee, cuisine_id) values ('Mugaritx', 24.00, 1);
insert into tbl_restaurant (name_restaurant, delivery_fee, cuisine_id) values ('Arpège', 16.50, 1);
insert into tbl_restaurant (name_restaurant, delivery_fee, cuisine_id) values ('Disfrutar', 11.00, 2);
insert into tbl_restaurant (name_restaurant, delivery_fee, cuisine_id) values ('Maido', 10.00, 1);


insert into tbl_province (province_name) values ('Alberta');
insert into tbl_province (province_name) values ('British Columbia');
insert into tbl_province (province_name) values ('Manitoba');
insert into tbl_province (province_name) values ('New Brunswick');
insert into tbl_province (province_name) values ('Newfoundland and Labrador');
insert into tbl_province (province_name) values ('Northwest Territories.');
insert into tbl_province (province_name) values ('Nova Scotia');
insert into tbl_province (province_name) values ('Nunavut');
insert into tbl_province (province_name) values ('Ontario');
insert into tbl_province (province_name) values ('Prince Edward Island');
insert into tbl_province (province_name) values ('Saskatchewan');
insert into tbl_province (province_name) values ('Yukon');